{
    "training_duration": 7.201001882553101,
    "inference_latency": 3.614770360739834e-05,
    "training_loss": 11997.113130115327,
    "training_rmse": 114.64376831054688,
    "training_r2": 0.23993465274995518,
    "validation_loss": 16170.233072916666,
    "validation_rmse": 128.21597290039062,
    "validation_r2": 0.16358874923628408,
    "test_loss": 5933.115071614583,
    "test_rmse": 75.75395965576172,
    "test_r2": 0.3137552461594494
}