{
    "training_duration": 17.86999773979187,
    "inference_latency": 2.4100384080266377e-05,
    "training_loss": 11124.285621279761,
    "training_rmse": 105.18750762939453,
    "training_r2": 0.3076741343507946,
    "validation_loss": 17867.282145182293,
    "validation_rmse": 142.3043670654297,
    "validation_r2": 0.23820543998802268,
    "test_loss": 7452.97607421875,
    "test_rmse": 85.44304656982422,
    "test_r2": 0.3638919118894969
}