{
    "training_duration": 0.5709991455078125,
    "inference_latency": 2.408602151526026e-05,
    "training_loss": 13417.059047154018,
    "training_rmse": 122.72235870361328,
    "training_r2": 0.05761234646158153,
    "validation_loss": 17736.777018229168,
    "validation_rmse": 137.8159942626953,
    "validation_r2": 0.2855025405909154,
    "test_loss": 11429.7685546875,
    "test_rmse": 105.04814910888672,
    "test_r2": 0.038488964471665055
}