{"train_accuracy": 0.6923076923076923, "train_f1": 0.6887191456834966, "train_recall": 0.6923076923076923, "train_precision": 0.7136519757758928, "validation_accuracy": 0.4457831325301205, "validation_f1": 0.4103010800967847, "validation_recall": 0.4457831325301205, "validation_precision": 0.41455885654418917, "test_accuracy": 0.27710843373493976, "test_f1": 0.256915556577005, "test_recall": 0.27710843373493976, "test_precision": 0.24820747007882643}