{"train_accuracy": 0.6621417797888386, "train_f1": 0.6591581220033572, "train_recall": 0.6621417797888386, "train_precision": 0.6767126119606652, "validation_accuracy": 0.46987951807228917, "validation_f1": 0.42841447962189183, "validation_recall": 0.46987951807228917, "validation_precision": 0.4447658006029423, "test_accuracy": 0.3132530120481928, "test_f1": 0.2937755605071678, "test_recall": 0.3132530120481928, "test_precision": 0.2873429200673663}