{
    "training_duration": 0.610999345779419,
    "inference_latency": 2.4209099431191723e-05,
    "training_loss": 14082.093878495065,
    "training_rmse": 117.24628448486328,
    "training_r2": 0.14462007499429297,
    "validation_loss": 16952.88165283203,
    "validation_rmse": 131.84930419921875,
    "validation_r2": 0.173068202224677,
    "test_loss": 12180.85400390625,
    "test_rmse": 109.70499420166016,
    "test_r2": 0.19957809761035583
}