{
    "training_duration": 5.553521633148193,
    "inference_latency": 1.2076044657144201e-05,
    "training_loss": 10298.343936011905,
    "training_rmse": 100.8057861328125,
    "training_r2": 0.41234702046487504,
    "validation_loss": 12719.760579427084,
    "validation_rmse": 115.97367858886719,
    "validation_r2": 0.3156875070443549,
    "test_loss": 3235.3028157552085,
    "test_rmse": 54.52134323120117,
    "test_r2": 0.6445311907332516
}