{
    "training_duration": 11.15999984741211,
    "inference_latency": 2.409463905426393e-05,
    "training_loss": 10344.551478794643,
    "training_rmse": 105.0965805053711,
    "training_r2": 0.3088705627471937,
    "validation_loss": 18829.448567708332,
    "validation_rmse": 146.15504455566406,
    "validation_r2": 0.19641993189957485,
    "test_loss": 7557.94189453125,
    "test_rmse": 86.22781372070312,
    "test_r2": 0.3521533055518342
}