{
    "training_duration": 14.957464456558228,
    "inference_latency": 3.6113233451383656e-05,
    "training_loss": 9453.701171875,
    "training_rmse": 95.53646087646484,
    "training_r2": 0.42888896585455905,
    "validation_loss": 17495.166422526043,
    "validation_rmse": 140.69003295898438,
    "validation_r2": 0.2553911460604763,
    "test_loss": 6641.237955729167,
    "test_rmse": 79.674560546875,
    "test_r2": 0.44688328614182726
}