{"validation_accuracy": 0.4274193548387097, "test_accuracy": 0.352, "test_f1": 0.32236221198156684, "test_precision": 0.33759999999999996, "test_recall": 0.352}