{"train_accuracy": 0.3885542168674699, "train_f1": 0.3630961945252647, "train_recall": 0.3885542168674699, "train_precision": 0.39548605939622344, "validation_accuracy": 0.42168674698795183, "validation_f1": 0.40579052026242407, "validation_recall": 0.42168674698795183, "validation_precision": 0.4120481927710844, "test_accuracy": 0.3614457831325301, "test_f1": 0.36199749721923524, "test_recall": 0.3614457831325301, "test_precision": 0.3970954625957245}