{
    "training_duration": 0.5399999618530273,
    "inference_latency": 2.4091766541262706e-05,
    "training_loss": 16160.100132533482,
    "training_rmse": 146.4025115966797,
    "training_r2": -0.3411558542970272,
    "validation_loss": 22599.242838541668,
    "validation_rmse": 152.7576141357422,
    "validation_r2": 0.12217639462199992,
    "test_loss": 19226.296875,
    "test_rmse": 136.43661499023438,
    "test_r2": -0.6219570784364767
}