{
    "training_duration": 0.5560004711151123,
    "inference_latency": 1.6116326855074974e-05,
    "training_loss": 13967.300472861842,
    "training_rmse": 119.95889282226562,
    "training_r2": 0.10458212271359346,
    "validation_loss": 17161.370849609375,
    "validation_rmse": 132.5575714111328,
    "validation_r2": 0.16416010570063333,
    "test_loss": 12927.160888671875,
    "test_rmse": 113.12806701660156,
    "test_r2": 0.14884839107939707
}