{
    "training_duration": 0.4329984188079834,
    "inference_latency": 1.2076044657144201e-05,
    "training_loss": 12253.915480840773,
    "training_rmse": 108.45693969726562,
    "training_r2": 0.26396762672873053,
    "validation_loss": 16845.8271484375,
    "validation_rmse": 137.81515502929688,
    "validation_r2": 0.2855112926250668,
    "test_loss": 6709.73046875,
    "test_rmse": 81.53313446044922,
    "test_r2": 0.4207770777190504
}