{"train_accuracy": 0.530920060331825, "train_f1": 0.5218907012205918, "train_recall": 0.530920060331825, "train_precision": 0.5463600505580785, "validation_accuracy": 0.39759036144578314, "validation_f1": 0.3667169368271649, "validation_recall": 0.39759036144578314, "validation_precision": 0.3955194691810721, "test_accuracy": 0.3253012048192771, "test_f1": 0.3069937669879215, "test_recall": 0.3253012048192771, "test_precision": 0.35391049033547417}