{"train_accuracy": 0.6862745098039216, "train_f1": 0.6865516589834734, "train_recall": 0.6862745098039216, "train_precision": 0.7114326537909484, "validation_accuracy": 0.3855421686746988, "validation_f1": 0.3646565285427115, "validation_recall": 0.3855421686746988, "validation_precision": 0.3796787148594377, "test_accuracy": 0.30120481927710846, "test_f1": 0.297383932452421, "test_recall": 0.30120481927710846, "test_precision": 0.34967141292442494}