{
    "training_duration": 5.1839985847473145,
    "inference_latency": 2.412623669727739e-05,
    "training_loss": 10462.385056268602,
    "training_rmse": 104.3775405883789,
    "training_r2": 0.36996582306365755,
    "validation_loss": 14126.200520833334,
    "validation_rmse": 120.90506744384766,
    "validation_r2": 0.25625399599553156,
    "test_loss": 4203.702067057292,
    "test_rmse": 63.406925201416016,
    "test_r2": 0.5192251213219672
}