{"train_RMSE": 0.4073854479646628, "train_R2": 0.8543892564537944, "validation_RMSE": 0.5801782172854665, "validation_R2": 0.7289123221996023, "test_RMSE": 0.5451342708435761, "test_R2": 0.6567381639325023}