{
    "training_duration": 6.812002182006836,
    "inference_latency": 2.410900161927005e-05,
    "training_loss": 12278.218982514882,
    "training_rmse": 114.82743835449219,
    "training_r2": 0.23749730600974706,
    "validation_loss": 15404.786783854166,
    "validation_rmse": 130.929931640625,
    "validation_r2": 0.12780519749580932,
    "test_loss": 5009.743001302083,
    "test_rmse": 67.99138641357422,
    "test_r2": 0.44718965530708255
}