{
    "training_duration": 18.066001415252686,
    "inference_latency": 2.404867884624435e-05,
    "training_loss": 9043.040568033854,
    "training_rmse": 96.68040466308594,
    "training_r2": 0.415130276998266,
    "validation_loss": 19257.241943359375,
    "validation_rmse": 147.8505096435547,
    "validation_r2": 0.17766808241965104,
    "test_loss": 6754.974934895833,
    "test_rmse": 80.63243865966797,
    "test_r2": 0.4335037500302483
}