{
    "training_duration": 0.6640005111694336,
    "inference_latency": 3.2263417397775955e-05,
    "training_loss": 12253.511567768297,
    "training_rmse": 112.10377502441406,
    "training_r2": 0.21800962992415263,
    "validation_loss": 16527.234252929688,
    "validation_rmse": 130.15011596679688,
    "validation_r2": 0.19424460612017946,
    "test_loss": 10819.608093261719,
    "test_rmse": 103.47984313964844,
    "test_r2": 0.2878398279780713
}