{
    "training_duration": 0.5369992256164551,
    "inference_latency": 1.205880957913686e-05,
    "training_loss": 12155.603794642857,
    "training_rmse": 108.3557357788086,
    "training_r2": 0.2653405612301808,
    "validation_loss": 17212.395914713543,
    "validation_rmse": 139.4595489501953,
    "validation_r2": 0.26835908539327913,
    "test_loss": 6503.306640625,
    "test_rmse": 80.43280792236328,
    "test_r2": 0.4363053331909903
}