{
    "training_duration": 0.46000027656555176,
    "inference_latency": 1.2030084449124624e-05,
    "training_loss": 14948.042526971727,
    "training_rmse": 121.47734832763672,
    "training_r2": 0.0766362468235503,
    "validation_loss": 20640.475504557293,
    "validation_rmse": 153.2255096435547,
    "validation_r2": 0.11679072166698923,
    "test_loss": 10277.856119791666,
    "test_rmse": 101.24006652832031,
    "test_r2": 0.10693647714146015
}