{
    "training_duration": 0.5179989337921143,
    "inference_latency": 2.4103256593267602e-05,
    "training_loss": 12145.278227306548,
    "training_rmse": 108.9451904296875,
    "training_r2": 0.25732574623702287,
    "validation_loss": 17363.490071614582,
    "validation_rmse": 140.18727111816406,
    "validation_r2": 0.26070357074696415,
    "test_loss": 6742.380696614583,
    "test_rmse": 81.93858337402344,
    "test_r2": 0.41500199060925447
}