{"train_RMSE": 62.82554289001151, "train_R2": 0.7717438524399737, "validation_RMSE": 98.02493557230608, "validation_R2": 0.5111127249943583, "test_RMSE": 66.50528545987144, "test_R2": 0.47109130709318425}