{"train_RMSE": 34.07528017194606, "train_R2": 0.9328526537341081, "validation_RMSE": 112.00381801806867, "validation_R2": 0.36173466662567344, "test_RMSE": 79.54210364688136, "test_R2": 0.24340663873123125}