{
    "training_duration": 8.991045713424683,
    "inference_latency": 2.4100384080266377e-05,
    "training_loss": 9633.62830171131,
    "training_rmse": 100.88150024414062,
    "training_r2": 0.411464001661613,
    "validation_loss": 13873.109537760416,
    "validation_rmse": 123.5235824584961,
    "validation_r2": 0.22368973861213703,
    "test_loss": 3905.4947102864585,
    "test_rmse": 60.01093292236328,
    "test_r2": 0.5693453272759642
}