{"train_RMSE": 14159331017235.877, "train_R2": -1.7590082072191803e+26, "validation_RMSE": 15093519381176.986, "validation_R2": -1.8347122993200265e+26, "test_RMSE": 11967825647023.086, "test_R2": -1.6544325160851063e+26}