{"validation_RMSE": 119.44014880168812, "test_RMSE": 121.60808158020903, "test_R2": 0.01646212249547807}