{"train_RMSE": 46.29793056319316, "train_R2": 0.8760424050590523, "validation_RMSE": 100.6335459822294, "validation_R2": 0.4847462581763481, "test_RMSE": 66.64295583657673, "test_R2": 0.468899288082799}