{"validation_RMSE": 119.42754113425369, "test_RMSE": 108.04267605549518, "test_R2": 0.22365121054186055}