{"train_RMSE": 93.50746344479539, "train_R2": 0.45593166675821806, "validation_RMSE": 124.16684644422425, "validation_R2": 0.2666262497132401, "test_RMSE": 89.37105739201803, "test_R2": 0.46879762531341396}