{"validation_RMSE": 118.72561214826848, "test_RMSE": 106.20011223892328, "test_R2": 0.2499051793867053}