{"validation_accuracy": 0.3548387096774194, "test_accuracy": 0.32, "test_f1": 0.32302334314137593, "test_precision": 0.3319256965944272, "test_recall": 0.32}