{"train_accuracy": 0.49698795180722893, "train_f1": 0.4918347645844228, "train_recall": 0.49698795180722893, "train_precision": 0.5045758914554209, "validation_accuracy": 0.42168674698795183, "validation_f1": 0.43041324996768254, "validation_recall": 0.42168674698795183, "validation_precision": 0.47171249098959944, "test_accuracy": 0.3855421686746988, "test_f1": 0.3882530120481928, "test_recall": 0.3855421686746988, "test_precision": 0.4352424776909092}