{"train_accuracy": 0.5158371040723982, "train_f1": 0.5133402814259708, "train_recall": 0.5158371040723982, "train_precision": 0.5390583145210882, "validation_accuracy": 0.40963855421686746, "validation_f1": 0.4134847677856924, "validation_recall": 0.40963855421686746, "validation_precision": 0.42020051764913563, "test_accuracy": 0.24096385542168675, "test_f1": 0.23767736970452957, "test_recall": 0.24096385542168675, "test_precision": 0.24267546375980112}