{
    "training_duration": 5.146999835968018,
    "inference_latency": 2.4114746645272495e-05,
    "training_loss": 10759.37591843378,
    "training_rmse": 103.38519287109375,
    "training_r2": 0.381888776924715,
    "validation_loss": 12747.80615234375,
    "validation_rmse": 117.12511444091797,
    "validation_r2": 0.3020318407195076,
    "test_loss": 3333.7002766927085,
    "test_rmse": 55.06044006347656,
    "test_r2": 0.637466879320282
}