{
    "training_duration": 5.201000928878784,
    "inference_latency": 2.4097511567265155e-05,
    "training_loss": 10383.58582124256,
    "training_rmse": 100.07257843017578,
    "training_r2": 0.4208645085472955,
    "validation_loss": 11785.009928385416,
    "validation_rmse": 111.90939331054688,
    "validation_r2": 0.3628104182043357,
    "test_loss": 3634.947998046875,
    "test_rmse": 58.68500518798828,
    "test_r2": 0.5881654787086372
}