{
    "training_duration": 13.352999448776245,
    "inference_latency": 2.410900161927005e-05,
    "training_loss": 16066.115304129464,
    "training_rmse": 126.47438049316406,
    "training_r2": -0.0008922086279568031,
    "validation_loss": 24009.443929036457,
    "validation_rmse": 164.97740173339844,
    "validation_r2": -0.023883192432368805,
    "test_loss": 11401.713541666666,
    "test_rmse": 107.23023986816406,
    "test_r2": -0.0018714891012174828
}