{
    "training_duration": 0.7289958000183105,
    "inference_latency": 2.4097511567265155e-05,
    "training_loss": 12768.758719308036,
    "training_rmse": 111.6727066040039,
    "training_r2": 0.21967362945507551,
    "validation_loss": 17492.674235026043,
    "validation_rmse": 140.2589111328125,
    "validation_r2": 0.2599477430256786,
    "test_loss": 7961.6171875,
    "test_rmse": 88.57649993896484,
    "test_r2": 0.31638042971647684
}