{"train_RMSE": 101.19610937597076, "train_R2": 0.407787439348933, "validation_RMSE": 607.1489018017287, "validation_R2": -17.755387004560067, "test_RMSE": 647.1341590292603, "test_R2": -49.079159407024214}