{
    "training_duration": 4.922044992446899,
    "inference_latency": 1.2064554605139306e-05,
    "training_loss": 11358.411109561011,
    "training_rmse": 105.63327026367188,
    "training_r2": 0.35471522250081844,
    "validation_loss": 12828.381022135416,
    "validation_rmse": 117.27279663085938,
    "validation_r2": 0.30027056677782815,
    "test_loss": 3406.7815755208335,
    "test_rmse": 55.72462463378906,
    "test_r2": 0.6286677591954555
}