{
    "training_duration": 0.6739988327026367,
    "inference_latency": 3.2263417397775955e-05,
    "training_loss": 15576.231490285772,
    "training_rmse": 126.82788848876953,
    "training_r2": -0.000899420558155839,
    "validation_loss": 20569.71630859375,
    "validation_rmse": 145.06658935546875,
    "validation_r2": -0.001034130190382898,
    "test_loss": 15248.386596679688,
    "test_rmse": 122.81913757324219,
    "test_r2": -0.003224848379050016
}