{"train_RMSE": 70.37656114245848, "train_R2": 0.7135782021539394, "validation_RMSE": 251.71927727424816, "validation_R2": -2.223803441880483, "test_RMSE": 255.50924041991132, "test_R2": -6.806953684855193}