{
    "training_duration": 0.673999547958374,
    "inference_latency": 2.4106129106268827e-05,
    "training_loss": 14069.038132440477,
    "training_rmse": 116.20559692382812,
    "training_r2": 0.15503962243908775,
    "validation_loss": 19299.961181640625,
    "validation_rmse": 148.08651733398438,
    "validation_r2": 0.17504069296339075,
    "test_loss": 9098.547037760416,
    "test_rmse": 95.18329620361328,
    "test_r2": 0.21059673681339564
}