{
    "training_duration": 6.575000524520874,
    "inference_latency": 3.6170683711408135e-05,
    "training_loss": 17085.18615141369,
    "training_rmse": 131.73342895507812,
    "training_r2": -0.0035567987055231676,
    "validation_loss": 17829.523844401043,
    "validation_rmse": 141.3574676513672,
    "validation_r2": -0.01665370411643452,
    "test_loss": 9144.81982421875,
    "test_rmse": 91.5464096069336,
    "test_r2": -0.0021920489598028503
}