{
    "training_duration": 0.5619993209838867,
    "inference_latency": 2.411761915827372e-05,
    "training_loss": 12310.307582310268,
    "training_rmse": 121.3889389038086,
    "training_r2": 0.07797982503739498,
    "validation_loss": 22077.638346354168,
    "validation_rmse": 158.1237335205078,
    "validation_r2": 0.05942031111286217,
    "test_loss": 9170.147135416666,
    "test_rmse": 96.66329956054688,
    "test_r2": 0.18585695086685228
}