{"train_accuracy": 0.5737951807228916, "train_f1": 0.5602897013166686, "train_recall": 0.5737951807228916, "train_precision": 0.6162316451836982, "validation_accuracy": 0.39759036144578314, "validation_f1": 0.36358785284604195, "validation_recall": 0.39759036144578314, "validation_precision": 0.5208904322779176, "test_accuracy": 0.37349397590361444, "test_f1": 0.3596753681392236, "test_recall": 0.37349397590361444, "test_precision": 0.38905057617038025}