{"validation_accuracy": 0.3467741935483871, "test_accuracy": 0.36, "test_f1": 0.3312297126257911, "test_precision": 0.34428761904761906, "test_recall": 0.36}