{"validation_accuracy": 0.43548387096774194, "test_accuracy": 0.336, "test_f1": 0.27240418271876715, "test_precision": 0.26677601809954754, "test_recall": 0.336}