{"train_accuracy": 0.722473604826546, "train_f1": 0.7193781488185053, "train_recall": 0.722473604826546, "train_precision": 0.7376823942553155, "validation_accuracy": 0.4457831325301205, "validation_f1": 0.4189047816883297, "validation_recall": 0.4457831325301205, "validation_precision": 0.4394010825912345, "test_accuracy": 0.3373493975903614, "test_f1": 0.32281262705885566, "test_recall": 0.3373493975903614, "test_precision": 0.3333527917865267}