{"train_RMSE": 4472112.160740639, "train_R2": -1156579144.3423877, "validation_RMSE": 3829324.540607315, "validation_R2": -746070643.5812149, "test_RMSE": 3284977.9813127858, "test_R2": -1290426599.5280554}