{"train_RMSE": 44871596.64509603, "train_R2": -116437542046.2867, "validation_RMSE": 46355518.076005615, "validation_R2": -109329781632.88652, "test_RMSE": 37714558.532464914, "test_R2": -170092998812.21494}