{"train_RMSE": 74.75135194280189, "train_R2": 0.6768619601885397, "validation_RMSE": 98.87896709098248, "validation_R2": 0.5025568619268843, "test_RMSE": 64.46624666850508, "test_R2": 0.5030265906849608}