{"train_RMSE": 61.236803207517234, "train_R2": 0.7831422215303909, "validation_RMSE": 100.04270791625079, "validation_R2": 0.4907787960263449, "test_RMSE": 69.37758766721598, "test_R2": 0.4244185739105545}