{
    "training_duration": 0.4519984722137451,
    "inference_latency": 1.2055937066135637e-05,
    "training_loss": 12664.718040829614,
    "training_rmse": 108.27790069580078,
    "training_r2": 0.2663957655197168,
    "validation_loss": 16039.432047526041,
    "validation_rmse": 134.07740783691406,
    "validation_r2": 0.323741554118402,
    "test_loss": 7281.189778645833,
    "test_rmse": 84.40421295166016,
    "test_r2": 0.3792656751345379
}