{
    "training_duration": 0.5479986667633057,
    "inference_latency": 2.4131981723279838e-05,
    "training_loss": 12490.558407738095,
    "training_rmse": 108.8917007446289,
    "training_r2": 0.2580549114038664,
    "validation_loss": 17274.237874348957,
    "validation_rmse": 139.8481903076172,
    "validation_r2": 0.26427555465908836,
    "test_loss": 6773.189290364583,
    "test_rmse": 82.14347076416016,
    "test_r2": 0.4120728023995154
}