{"train_accuracy": 0.5595776772247361, "train_f1": 0.5567872827043626, "train_recall": 0.5595776772247361, "train_precision": 0.5743365317083373, "validation_accuracy": 0.3253012048192771, "validation_f1": 0.32097775282025126, "validation_recall": 0.3253012048192771, "validation_precision": 0.33072289156626505, "test_accuracy": 0.25301204819277107, "test_f1": 0.24434047011357177, "test_recall": 0.25301204819277107, "test_precision": 0.24427379849066594}