{
    "training_duration": 0.49899983406066895,
    "inference_latency": 2.4097511567265155e-05,
    "training_loss": 16099.040318080357,
    "training_rmse": 116.86322784423828,
    "training_r2": 0.14544888978472537,
    "validation_loss": 21186.035807291668,
    "validation_rmse": 155.3624725341797,
    "validation_r2": 0.09198364908107504,
    "test_loss": 8351.587565104166,
    "test_rmse": 91.81300354003906,
    "test_r2": 0.2655100798853539
}