{
    "training_duration": 6.134003400802612,
    "inference_latency": 2.4103256593267602e-05,
    "training_loss": 10092.355596633184,
    "training_rmse": 98.91674041748047,
    "training_r2": 0.43416532689351595,
    "validation_loss": 12198.2509765625,
    "validation_rmse": 113.23297119140625,
    "validation_r2": 0.3476488658593485,
    "test_loss": 3449.47314453125,
    "test_rmse": 56.90800857543945,
    "test_r2": 0.6127288143365321
}