{"train_accuracy": 0.9969834087481146, "train_f1": 0.9969776467815391, "train_recall": 0.9969834087481146, "train_precision": 0.9969870519742643, "validation_accuracy": 0.7710843373493976, "validation_f1": 0.7655751209968077, "validation_recall": 0.7710843373493976, "validation_precision": 0.8007745266781411, "test_accuracy": 0.7831325301204819, "test_f1": 0.7860485419940633, "test_recall": 0.7831325301204819, "test_precision": 0.7982568572160984}