{
    "training_duration": 0.6239981651306152,
    "inference_latency": 2.4193717587378716e-05,
    "training_loss": 17808.92751593339,
    "training_rmse": 115.73514556884766,
    "training_r2": 0.16652725178737338,
    "validation_loss": 19516.47265625,
    "validation_rmse": 140.826904296875,
    "validation_r2": 0.056622851356727066,
    "test_loss": 12924.681640625,
    "test_rmse": 113.92813110351562,
    "test_r2": 0.13676672077898222
}