{
    "training_duration": 0.7529990673065186,
    "inference_latency": 2.410900161927005e-05,
    "training_loss": 12780.473307291666,
    "training_rmse": 118.126953125,
    "training_r2": 0.12686730621686526,
    "validation_loss": 21246.227132161457,
    "validation_rmse": 155.49147033691406,
    "validation_r2": 0.09047493119077321,
    "test_loss": 8522.100423177084,
    "test_rmse": 93.43832397460938,
    "test_r2": 0.23927523789922212
}