{
    "training_duration": 13.0239999294281,
    "inference_latency": 3.615057612039957e-05,
    "training_loss": 6.266704377673921,
    "training_accuracy": 0.23227752639517346,
    "training_f1": 0.08756606870221963,
    "training_recall": 0.23227752639517346,
    "training_precision": 0.0539528492682605,
    "validation_loss": 6.2800666491190595,
    "validation_accuracy": 0.2289156626506024,
    "validation_f1": 0.08528230569336168,
    "validation_recall": 0.2289156626506024,
    "validation_precision": 0.05240238060676441,
    "test_loss": 6.272939364115397,
    "test_accuracy": 0.2289156626506024,
    "test_f1": 0.08528230569336168,
    "test_recall": 0.2289156626506024,
    "test_precision": 0.05240238060676441
}