{"train_RMSE": 97.26824956102288, "train_R2": 0.45286791482116817, "validation_RMSE": 107.20875578632834, "validation_R2": 0.4152151484696317, "test_RMSE": 69.86114850326632, "test_R2": 0.4163670224399525}