{
    "training_duration": 5.556001663208008,
    "inference_latency": 2.409463905426393e-05,
    "training_loss": 10662.450241815477,
    "training_rmse": 100.9997787475586,
    "training_r2": 0.41008317783909165,
    "validation_loss": 11756.050455729166,
    "validation_rmse": 111.27189636230469,
    "validation_r2": 0.37004926003336647,
    "test_loss": 3610.1941731770835,
    "test_rmse": 57.25411605834961,
    "test_r2": 0.6080038409818134
}