{
    "training_duration": 12.973000288009644,
    "inference_latency": 2.4106129106268827e-05,
    "training_loss": 10975.111839657739,
    "training_rmse": 105.47212982177734,
    "training_r2": 0.3039224204956742,
    "validation_loss": 14991.694661458334,
    "validation_rmse": 127.84166717529297,
    "validation_r2": 0.3851822895010696,
    "test_loss": 7669.014811197917,
    "test_rmse": 87.08136749267578,
    "test_r2": 0.33926397781535267
}