{
    "training_duration": 8.215999364852905,
    "inference_latency": 2.4137726749282284e-05,
    "training_loss": 10917.72567313058,
    "training_rmse": 103.49005889892578,
    "training_r2": 0.3298384191467032,
    "validation_loss": 16204.402018229166,
    "validation_rmse": 135.41854858398438,
    "validation_r2": 0.3101451911342068,
    "test_loss": 6814.416666666667,
    "test_rmse": 81.4495620727539,
    "test_r2": 0.421963921823477
}