{"train_RMSE": 97.26824956102288, "train_R2": 0.45286791482116817, "validation_RMSE": 173.1312929203454, "validation_R2": -0.5250593558574614, "test_RMSE": 173.60160992466552, "test_R2": -2.6039261069056168}