{
    "training_duration": 0.4909994602203369,
    "inference_latency": 2.4106129106268827e-05,
    "training_loss": 14324.737955729166,
    "training_rmse": 119.44519805908203,
    "training_r2": 0.10727090364854053,
    "validation_loss": 20292.112060546875,
    "validation_rmse": 151.97378540039062,
    "validation_r2": 0.13116186062361657,
    "test_loss": 9775.767252604166,
    "test_rmse": 98.80494689941406,
    "test_r2": 0.14938149162529457
}