{"train_RMSE": 288264690414.33215, "train_R2": -5.170633963243114e+18, "validation_RMSE": 76365068532.05223, "validation_R2": -2.773981436893738e+17, "test_RMSE": 75961325854.07045, "test_R2": -3.8375256216667155e+17}