{"validation_RMSE": 3738179342.7920885, "test_RMSE": 3111225448.412873, "test_R2": -643767696006426.2}