{"train_RMSE": 5492682.078987359, "train_R2": -1744692553.454691, "validation_RMSE": 4756324.271854347, "validation_R2": -1151008454.4349089, "test_RMSE": 3898542.1347588752, "test_R2": -1817493413.1718955}