{
    "training_duration": 0.4819979667663574,
    "inference_latency": 1.6129785968411354e-05,
    "training_loss": 11852.85595703125,
    "training_rmse": 106.32203674316406,
    "training_r2": 0.296591777052439,
    "validation_loss": 19226.6357421875,
    "validation_rmse": 140.3791046142578,
    "validation_r2": 0.06261293079700314,
    "test_loss": 10562.841796875,
    "test_rmse": 102.5488510131836,
    "test_r2": 0.3005963373699744
}