{
    "training_duration": 0.6890013217926025,
    "inference_latency": 2.4100384080266377e-05,
    "training_loss": 12585.232061476934,
    "training_rmse": 112.97456359863281,
    "training_r2": 0.2013738396138124,
    "validation_loss": 19343.314615885418,
    "validation_rmse": 148.1850128173828,
    "validation_r2": 0.1739429523315974,
    "test_loss": 7253.559407552083,
    "test_rmse": 85.745849609375,
    "test_r2": 0.35937524976721147
}