{
    "training_duration": 0.8629992008209229,
    "inference_latency": 2.411761915827372e-05,
    "training_loss": 17075.590425037204,
    "training_rmse": 127.60112762451172,
    "training_r2": -0.018805408486443742,
    "validation_loss": 23672.312825520832,
    "validation_rmse": 163.45668029785156,
    "validation_r2": -0.005094145518769633,
    "test_loss": 11781.6396484375,
    "test_rmse": 108.66409301757812,
    "test_r2": -0.028844112444468717
}