{"train_accuracy": 0.9110105580693816, "train_f1": 0.9070266297193518, "train_recall": 0.9110105580693816, "train_precision": 0.9069754128866954, "validation_accuracy": 0.6265060240963856, "validation_f1": 0.604220116712806, "validation_recall": 0.6265060240963856, "validation_precision": 0.6666095895466208, "test_accuracy": 0.7710843373493976, "test_f1": 0.7672273534365166, "test_recall": 0.7710843373493976, "test_precision": 0.7655513357778942}