{
    "training_duration": 4.574998617172241,
    "inference_latency": 1.2053064553134413e-05,
    "training_loss": 11226.438092912946,
    "training_rmse": 105.26285552978516,
    "training_r2": 0.3592328180654971,
    "validation_loss": 12418.514973958334,
    "validation_rmse": 114.70712280273438,
    "validation_r2": 0.33055274076919405,
    "test_loss": 3623.2081705729165,
    "test_rmse": 57.679931640625,
    "test_r2": 0.6021513871559185
}