{
    "training_duration": 0.512000322341919,
    "inference_latency": 2.4080276489257812e-05,
    "training_loss": 14726.452253069196,
    "training_rmse": 121.62049865722656,
    "training_r2": 0.07445883445508106,
    "validation_loss": 19825.199300130207,
    "validation_rmse": 149.9715118408203,
    "validation_r2": 0.15390517308948215,
    "test_loss": 10626.873697916666,
    "test_rmse": 102.52140808105469,
    "test_r2": 0.08418734400013661
}