{
    "training_duration": 4.613998651504517,
    "inference_latency": 2.4103256593267602e-05,
    "training_loss": 11326.704031808036,
    "training_rmse": 104.0859146118164,
    "training_r2": 0.37348155223893764,
    "validation_loss": 12749.55859375,
    "validation_rmse": 112.76512145996094,
    "validation_r2": 0.3530283864924564,
    "test_loss": 4630.13232421875,
    "test_rmse": 66.80914306640625,
    "test_r2": 0.4662471011213951
}