{
    "training_duration": 4.84199857711792,
    "inference_latency": 1.2067427118140531e-05,
    "training_loss": 11402.942208426339,
    "training_rmse": 101.42676544189453,
    "training_r2": 0.4050847263659879,
    "validation_loss": 11863.2822265625,
    "validation_rmse": 111.101318359375,
    "validation_r2": 0.3719791518660507,
    "test_loss": 3378.3113606770835,
    "test_rmse": 55.87687301635742,
    "test_r2": 0.626635900556061
}