{
    "training_duration": 8.670000553131104,
    "inference_latency": 3.616206617240446e-05,
    "training_loss": 9835.215407598585,
    "training_rmse": 97.82018280029297,
    "training_r2": 0.44664110847203276,
    "validation_loss": 11749.717610677084,
    "validation_rmse": 113.67526245117188,
    "validation_r2": 0.34254269607313503,
    "test_loss": 3320.6077473958335,
    "test_rmse": 54.850826263427734,
    "test_r2": 0.6402218975019869
}