{"train_RMSE": 0.30124520492798335, "train_R2": 0.9203799067914084, "validation_RMSE": 2.3848810671871523, "validation_R2": -3.580579135747069, "test_RMSE": 2.3391100724499037, "test_R2": -5.320040598408968}