{
    "training_duration": 0.45099592208862305,
    "inference_latency": 2.410900161927005e-05,
    "training_loss": 12088.272925967261,
    "training_rmse": 108.21259307861328,
    "training_r2": 0.2672803187640027,
    "validation_loss": 16722.832600911457,
    "validation_rmse": 137.2033233642578,
    "validation_r2": 0.2918410382795039,
    "test_loss": 6643.2744140625,
    "test_rmse": 81.07369995117188,
    "test_r2": 0.4272865259876021
}