{
    "training_duration": 0.4380004405975342,
    "inference_latency": 2.4083149002259037e-05,
    "training_loss": 12148.073346819196,
    "training_rmse": 110.35208129882812,
    "training_r2": 0.23802051211838915,
    "validation_loss": 16023.533203125,
    "validation_rmse": 133.4827423095703,
    "validation_r2": 0.3297271514223876,
    "test_loss": 7783.847330729167,
    "test_rmse": 87.0396957397461,
    "test_r2": 0.33989632110651535
}