{
    "training_duration": 0.6899967193603516,
    "inference_latency": 2.4134854236281063e-05,
    "training_loss": 16155.580310639882,
    "training_rmse": 127.43592071533203,
    "training_r2": -0.016168838512648387,
    "validation_loss": 23688.156901041668,
    "validation_rmse": 163.55130004882812,
    "validation_r2": -0.006258147748047449,
    "test_loss": 11730.793294270834,
    "test_rmse": 108.4600601196289,
    "test_r2": -0.02498403461371601
}