{
    "training_duration": 0.556997537612915,
    "inference_latency": 2.411761915827372e-05,
    "training_loss": 12427.050106956845,
    "training_rmse": 106.15203857421875,
    "training_r2": 0.29491915373003597,
    "validation_loss": 16762.678466796875,
    "validation_rmse": 137.67547607421875,
    "validation_r2": 0.28695891893498315,
    "test_loss": 6550.287760416667,
    "test_rmse": 80.35106658935547,
    "test_r2": 0.43745051824651016
}