{
    "training_duration": 0.42400026321411133,
    "inference_latency": 1.6137476890317856e-05,
    "training_loss": 11707.817742598685,
    "training_rmse": 104.07196044921875,
    "training_r2": 0.3260488875387211,
    "validation_loss": 23064.26416015625,
    "validation_rmse": 153.6754150390625,
    "validation_r2": -0.12337000820734123,
    "test_loss": 10671.669799804688,
    "test_rmse": 103.34651184082031,
    "test_r2": 0.28967380024959566
}