{"train_accuracy": 0.9984917043740573, "train_f1": 0.998698725342324, "train_recall": 0.9984917043740573, "train_precision": 0.9992458521870287, "validation_accuracy": 0.7349397590361446, "validation_f1": 0.7261997056104178, "validation_recall": 0.7349397590361446, "validation_precision": 0.7261660529779446, "test_accuracy": 0.7951807228915663, "test_f1": 0.7828386417371358, "test_recall": 0.7951807228915663, "test_precision": 0.7729284484878288}