{
    "training_duration": 0.7020003795623779,
    "inference_latency": 2.4100384080266377e-05,
    "training_loss": 16048.77845982143,
    "training_rmse": 127.7384262084961,
    "training_r2": -0.02099906747969449,
    "validation_loss": 23662.166666666668,
    "validation_rmse": 163.3896026611328,
    "validation_r2": -0.0042696588036330585,
    "test_loss": 11823.486328125,
    "test_rmse": 108.83303833007812,
    "test_r2": -0.032045863032403865
}