{
    "training_duration": 0.7389993667602539,
    "inference_latency": 3.61419585813959e-05,
    "training_loss": 13207.102120535714,
    "training_rmse": 114.01210021972656,
    "training_r2": 0.18663749179391464,
    "validation_loss": 16320.737630208334,
    "validation_rmse": 133.7501983642578,
    "validation_r2": 0.327038225403249,
    "test_loss": 9017.995442708334,
    "test_rmse": 93.35877227783203,
    "test_r2": 0.24056998380002537
}