{"validation_accuracy": 0.4032258064516129, "test_accuracy": 0.368, "test_f1": 0.3477122251895047, "test_precision": 0.38461317025878133, "test_recall": 0.368}