{"train_accuracy": 0.5460030165912518, "train_f1": 0.5368945977676173, "train_recall": 0.5460030165912518, "train_precision": 0.5604506264662532, "validation_accuracy": 0.3855421686746988, "validation_f1": 0.3686027046547488, "validation_recall": 0.3855421686746988, "validation_precision": 0.4014137669559356, "test_accuracy": 0.27710843373493976, "test_f1": 0.2529075909549528, "test_recall": 0.27710843373493976, "test_precision": 0.2395032443941263}