{"validation_accuracy": 0.4112903225806452, "test_accuracy": 0.36, "test_f1": 0.333501676182111, "test_precision": 0.39139335907335904, "test_recall": 0.36}