{"train_accuracy": 0.6807228915662651, "train_f1": 0.6804018054166211, "train_recall": 0.6807228915662651, "train_precision": 0.7073629790632522, "validation_accuracy": 0.42168674698795183, "validation_f1": 0.43330555638365875, "validation_recall": 0.42168674698795183, "validation_precision": 0.4695741797834378, "test_accuracy": 0.3373493975903614, "test_f1": 0.32927857086609746, "test_recall": 0.3373493975903614, "test_precision": 0.3651391279403327}