{
    "training_duration": 5.5445873737335205,
    "inference_latency": 2.409463905426393e-05,
    "training_loss": 10268.869756789434,
    "training_rmse": 102.2675552368164,
    "training_r2": 0.3951805937723146,
    "validation_loss": 12622.49609375,
    "validation_rmse": 117.32865905761719,
    "validation_r2": 0.2996036270079889,
    "test_loss": 3562.1624348958335,
    "test_rmse": 57.475120544433594,
    "test_r2": 0.6049717398001782
}