{
    "training_duration": 16.100996732711792,
    "inference_latency": 2.4100384080266377e-05,
    "training_loss": 9578.741048177084,
    "training_rmse": 101.16985321044922,
    "training_r2": 0.3595510872306512,
    "validation_loss": 19171.157877604168,
    "validation_rmse": 147.60093688964844,
    "validation_r2": 0.1804420388851875,
    "test_loss": 7909.256022135417,
    "test_rmse": 87.4349365234375,
    "test_r2": 0.33388772179036086
}