{
    "training_duration": 6.332999229431152,
    "inference_latency": 2.4097511567265155e-05,
    "training_loss": 10513.507545107886,
    "training_rmse": 107.66917419433594,
    "training_r2": 0.32960194115741803,
    "validation_loss": 13168.42822265625,
    "validation_rmse": 119.83125305175781,
    "validation_r2": 0.2694066484103348,
    "test_loss": 4113.34130859375,
    "test_rmse": 60.65812683105469,
    "test_r2": 0.5600063789914438
}