{
    "training_duration": 0.5259981155395508,
    "inference_latency": 2.4193717587378716e-05,
    "training_loss": 13923.061818976152,
    "training_rmse": 118.67606353759766,
    "training_r2": 0.12363066944190271,
    "validation_loss": 17346.953247070312,
    "validation_rmse": 133.4198760986328,
    "validation_r2": 0.15325032488120338,
    "test_loss": 12508.148315429688,
    "test_rmse": 111.09479522705078,
    "test_r2": 0.1791691138385828
}