{"train_RMSE": 0.4074611714215828, "train_R2": 0.8543351201380615, "validation_RMSE": 2.0458175936907885, "validation_R2": -2.370705092123532, "test_RMSE": 1.9504207260174296, "test_R2": -3.3941528181434277}