{
    "training_duration": 5.334002733230591,
    "inference_latency": 2.409463905426393e-05,
    "training_loss": 10685.215663364956,
    "training_rmse": 100.32321166992188,
    "training_r2": 0.41796007272843905,
    "validation_loss": 12062.637044270834,
    "validation_rmse": 113.1037368774414,
    "validation_r2": 0.34913707426316265,
    "test_loss": 3373.7935384114585,
    "test_rmse": 56.135868072509766,
    "test_r2": 0.6231666706058767
}