{
    "training_duration": 3.796999931335449,
    "inference_latency": 2.4097511567265155e-05,
    "training_loss": 11401.893938337054,
    "training_rmse": 111.7125244140625,
    "training_r2": 0.27830498753315347,
    "validation_loss": 14989.974283854166,
    "validation_rmse": 128.69154357910156,
    "validation_r2": 0.15737250340416253,
    "test_loss": 4385.171793619792,
    "test_rmse": 63.24919891357422,
    "test_r2": 0.5216140369594141
}