{"train_RMSE": 0.40874044855173003, "train_R2": 0.853419016760006, "validation_RMSE": 12.434001818253327, "validation_R2": -123.51130698845881, "test_RMSE": 10.301900964413758, "test_R2": -121.58950489902385}