{
    "training_duration": 0.45000123977661133,
    "inference_latency": 2.4186026665472214e-05,
    "training_loss": 10941.828035053453,
    "training_rmse": 104.9987564086914,
    "training_r2": 0.3139920080635824,
    "validation_loss": 19049.905395507812,
    "validation_rmse": 139.69483947753906,
    "validation_r2": 0.07172899933452759,
    "test_loss": 10268.910888671875,
    "test_rmse": 101.18487548828125,
    "test_r2": 0.3190779643836247
}