{
    "training_duration": 14.837000370025635,
    "inference_latency": 2.4114746645272495e-05,
    "training_loss": 15975.141415550595,
    "training_rmse": 126.5312271118164,
    "training_r2": -0.0017922236693155291,
    "validation_loss": 23951.383056640625,
    "validation_rmse": 164.74411010742188,
    "validation_r2": -0.02098935573209615,
    "test_loss": 11426.980794270834,
    "test_rmse": 107.30989074707031,
    "test_r2": -0.0033604905908048988
}