{
    "training_duration": 4.761000394821167,
    "inference_latency": 1.2044447014130742e-05,
    "training_loss": 11220.95277622768,
    "training_rmse": 103.0255126953125,
    "training_r2": 0.38618211252065726,
    "validation_loss": 12774.721354166666,
    "validation_rmse": 116.92008209228516,
    "validation_r2": 0.30447313213326443,
    "test_loss": 3364.9137369791665,
    "test_rmse": 55.35507583618164,
    "test_r2": 0.6335765472260755
}