{
    "training_duration": 0.8249990940093994,
    "inference_latency": 1.6125940507458103e-05,
    "training_loss": 16728.097900390625,
    "training_rmse": 112.76734924316406,
    "training_r2": 0.2087245859212018,
    "validation_loss": 16519.72119140625,
    "validation_rmse": 129.94683837890625,
    "validation_r2": 0.19675968709308655,
    "test_loss": 11306.52734375,
    "test_rmse": 105.93922424316406,
    "test_r2": 0.25358605280179725
}