{
    "training_duration": 10.944002151489258,
    "inference_latency": 2.4077403976256588e-05,
    "training_loss": 10076.650681268602,
    "training_rmse": 99.09732055664062,
    "training_r2": 0.3855224166988891,
    "validation_loss": 16071.5615234375,
    "validation_rmse": 133.93035888671875,
    "validation_r2": 0.3252241431353017,
    "test_loss": 6702.001953125,
    "test_rmse": 80.78924560546875,
    "test_r2": 0.431298319273994
}