{
    "training_duration": 0.8189992904663086,
    "inference_latency": 2.4197563048331967e-05,
    "training_loss": 16611.471962376643,
    "training_rmse": 127.54840850830078,
    "training_r2": -0.012303988290373047,
    "validation_loss": 20996.714965820312,
    "validation_rmse": 146.69265747070312,
    "validation_r2": -0.02360119535108174,
    "test_loss": 15346.1494140625,
    "test_rmse": 123.10511016845703,
    "test_r2": -0.00790218488852057
}