{
    "training_duration": 4.0269999504089355,
    "inference_latency": 2.4106129106268827e-05,
    "training_loss": 10576.040504092261,
    "training_rmse": 101.28931427001953,
    "training_r2": 0.4066960459446851,
    "validation_loss": 11897.5419921875,
    "validation_rmse": 110.98867797851562,
    "validation_r2": 0.37325195397020816,
    "test_loss": 3361.1714680989585,
    "test_rmse": 55.85276794433594,
    "test_r2": 0.6269579528197304
}