{
    "training_duration": 0.4230000972747803,
    "inference_latency": 2.4100384080266377e-05,
    "training_loss": 12300.58410063244,
    "training_rmse": 108.59893798828125,
    "training_r2": 0.2620391157210341,
    "validation_loss": 16393.569091796875,
    "validation_rmse": 135.5017852783203,
    "validation_r2": 0.30929665600406975,
    "test_loss": 6872.54052734375,
    "test_rmse": 82.23267364501953,
    "test_r2": 0.41079512949919017
}