{
    "training_duration": 0.7209982872009277,
    "inference_latency": 2.4106129106268827e-05,
    "training_loss": 13010.831938244048,
    "training_rmse": 121.33999633789062,
    "training_r2": 0.07872307692402092,
    "validation_loss": 22621.321940104168,
    "validation_rmse": 160.31436157226562,
    "validation_r2": 0.03317844275200055,
    "test_loss": 9062.597819010416,
    "test_rmse": 96.57109832763672,
    "test_r2": 0.1874093850103764
}