{"train_RMSE": 74.19111067975935, "train_R2": 0.6816874744725417, "validation_RMSE": 208.90543411624694, "validation_R2": -1.2204197244263062, "test_RMSE": 212.3664706580377, "test_R2": -4.393122439635572}