{
    "training_duration": 0.5400002002716064,
    "inference_latency": 2.409463905426393e-05,
    "training_loss": 12992.86755952381,
    "training_rmse": 110.32926940917969,
    "training_r2": 0.23833553960183873,
    "validation_loss": 16313.9677734375,
    "validation_rmse": 134.92788696289062,
    "validation_r2": 0.3151351828512169,
    "test_loss": 7704.487955729167,
    "test_rmse": 86.5317153930664,
    "test_r2": 0.3475788086703323
}