{
    "training_duration": 4.261983871459961,
    "inference_latency": 2.4120491671274945e-05,
    "training_loss": 11606.075764973959,
    "training_rmse": 107.78714752197266,
    "training_r2": 0.32813208841355834,
    "validation_loss": 12075.320963541666,
    "validation_rmse": 113.72587585449219,
    "validation_r2": 0.3419571666573382,
    "test_loss": 3990.9935709635415,
    "test_rmse": 60.173622131347656,
    "test_r2": 0.5670071283285645
}