{"train_accuracy": 0.7737556561085973, "train_f1": 0.7542130083496044, "train_recall": 0.7737556561085973, "train_precision": 0.7410322388728715, "validation_accuracy": 0.7228915662650602, "validation_f1": 0.6905425624064886, "validation_recall": 0.7228915662650602, "validation_precision": 0.6692286386927018, "test_accuracy": 0.7590361445783133, "test_f1": 0.7395070076223259, "test_recall": 0.7590361445783133, "test_precision": 0.732937632884479}