{
    "training_duration": 9.79300308227539,
    "inference_latency": 2.4100384080266377e-05,
    "training_loss": 10269.037934802827,
    "training_rmse": 97.89356231689453,
    "training_r2": 0.40036019556377744,
    "validation_loss": 16194.66259765625,
    "validation_rmse": 135.00701904296875,
    "validation_r2": 0.3143316299893283,
    "test_loss": 6012.100911458333,
    "test_rmse": 76.43502807617188,
    "test_r2": 0.49094774683681064
}