{"train_RMSE": 0.1543058408341198, "train_R2": 0.9791095821408906, "validation_RMSE": 0.4501794330776006, "validation_R2": 0.8367856880027759, "test_RMSE": 0.4732680777740336, "test_R2": 0.7412782298243346}