{
    "training_duration": 10.13283896446228,
    "inference_latency": 2.409463905426393e-05,
    "training_loss": 10731.878952752977,
    "training_rmse": 104.75005340576172,
    "training_r2": 0.3134206001714632,
    "validation_loss": 15312.526692708334,
    "validation_rmse": 130.16305541992188,
    "validation_r2": 0.3626514796104655,
    "test_loss": 7073.001790364583,
    "test_rmse": 82.32925415039062,
    "test_r2": 0.4094103767676742
}