{
    "training_duration": 12.67900037765503,
    "inference_latency": 2.410900161927005e-05,
    "training_loss": 10310.221784319196,
    "training_rmse": 100.62699890136719,
    "training_r2": 0.3664057136351606,
    "validation_loss": 15576.3974609375,
    "validation_rmse": 132.06272888183594,
    "validation_r2": 0.34391209976106263,
    "test_loss": 6848.472819010417,
    "test_rmse": 80.71748352050781,
    "test_r2": 0.4323079955512672
}