{
    "training_duration": 0.40099549293518066,
    "inference_latency": 1.614709054270098e-05,
    "training_loss": 11416.692578767475,
    "training_rmse": 111.03013610839844,
    "training_r2": 0.23291651580723993,
    "validation_loss": 18738.277404785156,
    "validation_rmse": 138.65968322753906,
    "validation_r2": 0.08543499092447704,
    "test_loss": 10656.976440429688,
    "test_rmse": 102.69080352783203,
    "test_r2": 0.2986588477923424
}