{"train_RMSE": 54.13740115750792, "train_R2": 0.8305097225988339, "validation_RMSE": 101.7312415352867, "validation_R2": 0.4734443323566607, "test_RMSE": 68.62563119629397, "test_R2": 0.43682796004275826}