{"validation_RMSE": 121.30977269912135, "test_RMSE": 98.66317388390864, "test_R2": 0.3525945076956042}