{"train_RMSE": 96.6138073659942, "train_R2": 0.41918303764084497, "validation_RMSE": 124.53460631874228, "validation_R2": 0.26227557389882417, "test_RMSE": 94.39571616624515, "test_R2": 0.40738752884124885}