{"validation_RMSE": 122.46829088639393, "test_RMSE": 96.00446685094352, "test_R2": 0.38701606105732433}