{"validation_RMSE": 122.0822318980045, "test_RMSE": 96.22420375158953, "test_R2": 0.38420683057450655}