{
    "training_duration": 6.571997404098511,
    "inference_latency": 2.4123364184276166e-05,
    "training_loss": 6.298536686670213,
    "training_accuracy": 0.20060331825037708,
    "training_f1": 0.06703578222939736,
    "training_recall": 0.20060331825037708,
    "training_precision": 0.04024169129306207,
    "validation_loss": 6.2800666491190595,
    "validation_accuracy": 0.2289156626506024,
    "validation_f1": 0.08528230569336168,
    "validation_recall": 0.2289156626506024,
    "validation_precision": 0.05240238060676441,
    "test_loss": 6.335439364115397,
    "test_accuracy": 0.1566265060240964,
    "test_f1": 0.04241967871485943,
    "test_recall": 0.1566265060240964,
    "test_precision": 0.024531862389316303
}