{
    "training_duration": 5.369999647140503,
    "inference_latency": 2.4097511567265155e-05,
    "training_loss": 11992.789167131696,
    "training_rmse": 106.02005767822266,
    "training_r2": 0.34998092878979503,
    "validation_loss": 13654.290852864584,
    "validation_rmse": 121.06475830078125,
    "validation_r2": 0.2542880713889334,
    "test_loss": 4303.341471354167,
    "test_rmse": 62.736289978027344,
    "test_r2": 0.5293412746359132
}