{
    "training_duration": 4.178999423980713,
    "inference_latency": 1.2047319527131965e-05,
    "training_loss": 11058.644624255952,
    "training_rmse": 105.34231567382812,
    "training_r2": 0.35826507456070233,
    "validation_loss": 13371.051106770834,
    "validation_rmse": 119.82584381103516,
    "validation_r2": 0.2694725145908192,
    "test_loss": 3259.3470865885415,
    "test_rmse": 54.539581298828125,
    "test_r2": 0.6442933559612121
}