{"train_RMSE": 0.17323809189392536, "train_R2": 0.9736688892723929, "validation_RMSE": 0.4533619417685069, "validation_R2": 0.8344698691686134, "test_RMSE": 0.4634139227035187, "test_R2": 0.7519400196493321}