{
    "training_duration": 0.48200011253356934,
    "inference_latency": 1.2050192040133188e-05,
    "training_loss": 14981.58607700893,
    "training_rmse": 121.35591888427734,
    "training_r2": 0.07848129092479206,
    "validation_loss": 20666.016927083332,
    "validation_rmse": 153.3226776123047,
    "validation_r2": 0.1156700715275224,
    "test_loss": 10205.286458333334,
    "test_rmse": 100.95288848876953,
    "test_r2": 0.11199588072134503
}