{"train_accuracy": 0.4358974358974359, "train_f1": 0.42445929129083604, "train_recall": 0.4358974358974359, "train_precision": 0.4420130196829727, "validation_accuracy": 0.43373493975903615, "validation_f1": 0.4199081200601588, "validation_recall": 0.43373493975903615, "validation_precision": 0.435882056363984, "test_accuracy": 0.3373493975903614, "test_f1": 0.3297852635029916, "test_recall": 0.3373493975903614, "test_precision": 0.3855776045357902}