{
    "training_duration": 5.43399977684021,
    "inference_latency": 2.4106129106268827e-05,
    "training_loss": 10902.023681640625,
    "training_rmse": 102.42206573486328,
    "training_r2": 0.3933516822035331,
    "validation_loss": 13038.9794921875,
    "validation_rmse": 117.2787094116211,
    "validation_r2": 0.3002000025589452,
    "test_loss": 3502.941650390625,
    "test_rmse": 57.00971221923828,
    "test_r2": 0.6113433942005027
}