{"validation_RMSE": 135.49754268096297, "test_RMSE": 142.02192542806208, "test_R2": -0.34145777698694024}