{"train_RMSE": 96.32605457901022, "train_R2": 0.42263767447187306, "validation_RMSE": 134.3719039846647, "validation_R2": 0.14112294488686805, "test_RMSE": 106.85698803416518, "test_R2": 0.2405974127472832}