{"validation_RMSE": 134.51370185933933, "test_RMSE": 146.07188222850345, "test_R2": -0.419055777270511}