{
    "training_duration": 5.326998710632324,
    "inference_latency": 2.4131981723279838e-05,
    "training_loss": 10837.857410249257,
    "training_rmse": 101.69742584228516,
    "training_r2": 0.4019053479878195,
    "validation_loss": 13144.021484375,
    "validation_rmse": 117.87590789794922,
    "validation_r2": 0.2930548988955589,
    "test_loss": 3098.6993815104165,
    "test_rmse": 53.76288986206055,
    "test_r2": 0.6543523386584169
}