{
    "training_duration": 9.268999099731445,
    "inference_latency": 3.61793012504118e-05,
    "training_loss": 10289.870338076636,
    "training_rmse": 99.68938446044922,
    "training_r2": 0.3781579443157532,
    "validation_loss": 15993.60205078125,
    "validation_rmse": 133.72369384765625,
    "validation_r2": 0.32730497579909457,
    "test_loss": 6935.95166015625,
    "test_rmse": 81.73255157470703,
    "test_r2": 0.41794021096803846
}