{
    "training_duration": 14.592193603515625,
    "inference_latency": 2.4123364184276166e-05,
    "training_loss": 9868.17540922619,
    "training_rmse": 98.40081787109375,
    "training_r2": 0.39412970869520814,
    "validation_loss": 16055.714436848959,
    "validation_rmse": 134.2936553955078,
    "validation_r2": 0.32155843222046354,
    "test_loss": 5931.854817708333,
    "test_rmse": 75.9675064086914,
    "test_r2": 0.4971560977501339
}