{"train_RMSE": 0.16873562614791113, "train_R2": 0.9750197965577355, "validation_RMSE": 2.4247049255329225, "validation_R2": -3.734833680149637, "test_RMSE": 2.380233099937438, "test_R2": -5.5442145713531685}