{
    "training_duration": 0.4940004348754883,
    "inference_latency": 2.4088894028261484e-05,
    "training_loss": 12324.946521577382,
    "training_rmse": 111.22291564941406,
    "training_r2": 0.22594695221401306,
    "validation_loss": 16176.478190104166,
    "validation_rmse": 133.7133331298828,
    "validation_r2": 0.3274093134375171,
    "test_loss": 7758.168131510417,
    "test_rmse": 86.88776397705078,
    "test_r2": 0.3421987397553131
}