{
    "training_duration": 3.8000004291534424,
    "inference_latency": 1.2050192040133188e-05,
    "training_loss": 11121.415620349702,
    "training_rmse": 105.61405944824219,
    "training_r2": 0.3549499288675606,
    "validation_loss": 12311.49365234375,
    "validation_rmse": 114.37732696533203,
    "validation_r2": 0.3343966875138442,
    "test_loss": 3822.5731608072915,
    "test_rmse": 59.077308654785156,
    "test_r2": 0.582641024275532
}