{
    "training_duration": 5.105000019073486,
    "inference_latency": 2.4114746645272495e-05,
    "training_loss": 12898.574974423364,
    "training_rmse": 115.25068664550781,
    "training_r2": 0.23186590157824316,
    "validation_loss": 15083.172200520834,
    "validation_rmse": 130.0299835205078,
    "validation_r2": 0.13975424990407248,
    "test_loss": 5359.468424479167,
    "test_rmse": 69.6603775024414,
    "test_r2": 0.4197167210298861
}