{
    "training_duration": 4.978999376296997,
    "inference_latency": 1.2053064553134413e-05,
    "training_loss": 12261.24425688244,
    "training_rmse": 104.4690933227539,
    "training_r2": 0.3688601218935583,
    "validation_loss": 13376.648274739584,
    "validation_rmse": 120.08663177490234,
    "validation_r2": 0.26628910470123524,
    "test_loss": 3386.7513834635415,
    "test_rmse": 55.622379302978516,
    "test_r2": 0.6300291379977587
}