{
    "training_duration": 0.48799872398376465,
    "inference_latency": 1.2067427118140531e-05,
    "training_loss": 14957.365327380952,
    "training_rmse": 121.8710708618164,
    "training_r2": 0.07064111066414958,
    "validation_loss": 20748.2119140625,
    "validation_rmse": 153.62815856933594,
    "validation_r2": 0.11214287419145763,
    "test_loss": 10444.677734375,
    "test_rmse": 102.04511260986328,
    "test_r2": 0.09267713285486712
}